City_ID,City,Country,Date,Lat,Lng,Max Temp,Humidity,Cloudiness,Wind Speed
0,Rikitea,PF,2021-09-29 16:20:29,-23.1203,-134.9692,72.93,70,66,18.97
1,Ushuaia,AR,2021-09-29 16:20:30,-54.8,-68.3,47.86,37,75,26.46
2,Beckum,DE,2021-09-29 16:20:30,51.75,8.0333,55.85,90,100,18.41
3,Grabovo,RU,2021-09-29 16:20:30,53.3875,45.064,47.53,41,59,5.26
4,Avarua,CK,2021-09-29 16:20:31,-21.2078,-159.775,66.25,100,98,1.14
5,Dwarka,IN,2021-09-29 16:20:31,22.2394,68.9678,83.01,84,100,12.41
6,Namibe,AO,2021-09-29 16:20:31,-15.1961,12.1522,67.57,76,17,10.0
7,Mnogovershinnyy,RU,2021-09-29 16:20:32,53.9353,139.9242,50.9,92,100,3.69
8,Bredasdorp,ZA,2021-09-29 16:20:32,-34.5322,20.0403,58.28,72,100,18.86
9,Hithadhoo,MV,2021-09-29 16:20:32,-0.6,73.0833,82.98,72,43,6.04
10,Mahon,ES,2021-09-29 16:20:33,39.8885,4.2658,73.96,64,20,13.8
11,Akureyri,IS,2021-09-29 16:20:33,65.6835,-18.0878,42.73,75,75,12.66
12,Cabo San Lucas,MX,2021-09-29 16:20:33,22.8909,-109.9124,86.5,67,13,9.31
13,Ribnitz-Damgarten,DE,2021-09-29 16:20:34,54.25,12.4667,59.45,68,98,12.97
14,Albany,US,2021-09-29 16:20:34,42.6001,-73.9662,62.82,57,17,3.0
15,Mataura,NZ,2021-09-29 16:20:34,-46.1927,168.8643,41.49,97,97,6.87
16,Yellowknife,CA,2021-09-29 16:18:45,62.456,-114.3525,47.41,100,75,0.0
17,New Norfolk,AU,2021-09-29 16:20:35,-42.7826,147.0587,49.5,70,77,1.63
18,Cap Malheureux,MU,2021-09-29 16:20:35,-19.9842,57.6142,73.47,70,38,5.99
19,Bara,NG,2021-09-29 16:20:36,10.3744,10.7288,82.13,67,100,3.49
20,Busselton,AU,2021-09-29 16:20:36,-33.65,115.3333,58.08,90,6,8.14
21,Terrace,CA,2021-09-29 16:20:36,54.5163,-128.6035,44.51,93,75,5.75
22,Hilo,US,2021-09-29 16:20:37,19.7297,-155.09,80.28,77,20,9.22
23,Sao Joao Da Barra,BR,2021-09-29 16:20:37,-21.6403,-41.0511,84.29,70,0,19.37
24,Trelew,AR,2021-09-29 16:20:37,-43.249,-65.3051,74.82,13,54,23.44
25,Casper,US,2021-09-29 16:20:38,42.8666,-106.3131,48.97,89,90,3.0
26,Kapaa,US,2021-09-29 16:20:38,22.0752,-159.319,75.52,80,75,12.66
27,Meulaboh,ID,2021-09-29 16:20:38,4.1363,96.1285,75.47,93,100,4.18
28,Havre-Saint-Pierre,CA,2021-09-29 16:20:39,50.2334,-63.5986,59.36,51,75,11.5
29,Bluff,NZ,2021-09-29 16:20:39,-46.6,168.3333,41.81,68,95,22.44
30,Dikson,RU,2021-09-29 16:20:39,73.5069,80.5464,34.29,95,100,14.76
31,Abha,SA,2021-09-29 16:20:40,18.2164,42.5053,69.62,64,40,9.22
32,Hermanus,ZA,2021-09-29 16:20:40,-34.4187,19.2345,61.9,74,100,23.22
33,Atuona,PF,2021-09-29 16:20:40,-9.8,-139.0333,77.5,75,71,20.92
34,Chokurdakh,RU,2021-09-29 16:20:41,70.6333,147.9167,10.31,100,85,2.73
35,Sitka,US,2021-09-29 16:20:41,57.0531,-135.33,51.69,54,75,11.5
36,Pangody,RU,2021-09-29 16:20:41,65.85,74.4859,34.74,95,93,6.67
37,Zig,US,2021-09-29 16:20:42,40.127,-92.7663,80.89,67,1,1.99
38,Shingu,JP,2021-09-29 16:20:42,33.7333,135.9833,72.73,88,97,7.14
39,Bandiagara,ML,2021-09-29 16:20:42,14.3501,-3.6104,97.34,23,28,9.28
40,Acu,BR,2021-09-29 16:20:42,-5.5767,-36.9086,96.62,24,15,12.33
41,Vaini,TO,2021-09-29 16:20:43,-21.2,-175.2,73.56,94,75,5.75
42,Khorramshahr,IR,2021-09-29 16:20:43,30.4397,48.1664,93.16,21,0,4.61
43,San Juan,AR,2021-09-29 16:20:23,-31.5375,-68.5364,77.72,22,15,9.86
44,Halifax,CA,2021-09-29 16:15:49,44.6453,-63.5724,61.09,89,90,3.0
45,Punta Arenas,CL,2021-09-29 16:20:44,-53.15,-70.9167,50.11,37,0,18.41
46,Mandalgovi,MN,2021-09-29 16:20:44,45.7625,106.2708,37.63,40,34,4.34
47,Rockhampton,AU,2021-09-29 16:20:44,-23.3833,150.5,67.89,83,90,5.75
48,Nizhnevartovsk,RU,2021-09-29 16:20:45,60.9344,76.5531,37.42,87,0,6.71
49,Petropavlovsk-Kamchatskiy,RU,2021-09-29 16:20:45,53.0452,158.6483,41.59,100,0,8.95
50,Bobrovytsya,UA,2021-09-29 16:20:45,50.75,31.3833,49.66,52,98,7.34
51,Vila Velha,BR,2021-09-29 16:20:46,-20.3297,-40.2925,89.55,51,0,14.97
52,Jamestown,US,2021-09-29 16:20:24,42.097,-79.2353,65.01,61,40,4.0
53,Mar Del Plata,AR,2021-09-29 16:19:10,-38.0023,-57.5575,62.62,29,20,23.0
54,Qui Nhon,VN,2021-09-29 16:20:46,13.7667,109.2333,79.39,87,33,5.14
55,Soe,ID,2021-09-29 16:20:47,-9.8607,124.284,63.86,87,11,4.32
56,Madingou,CG,2021-09-29 16:20:47,-4.1536,13.55,87.31,50,100,2.71
57,Lagoa,PT,2021-09-29 16:20:47,39.05,-27.9833,71.65,87,0,8.9
58,Lompoc,US,2021-09-29 16:20:48,34.6391,-120.4579,71.85,80,1,5.75
59,Krasnovishersk,RU,2021-09-29 16:20:48,60.4078,57.082,37.58,94,100,2.84
60,Camacha,PT,2021-09-29 16:20:48,33.0833,-16.3333,74.53,64,75,17.27
61,Landerneau,FR,2021-09-29 16:20:49,48.4525,-4.2525,61.57,60,75,8.05
62,Alayao,PH,2021-09-29 16:20:49,14.2818,122.5524,78.13,93,18,4.29
63,Ahipara,NZ,2021-09-29 16:20:49,-35.1667,173.1667,54.41,85,54,8.75
64,Cape Town,ZA,2021-09-29 16:19:40,-33.9258,18.4232,68.11,57,20,21.85
65,Thompson,CA,2021-09-29 16:20:01,55.7435,-97.8558,57.36,62,75,10.36
66,Vieques,PR,2021-09-29 16:20:51,18.425,-65.8329,92.12,66,40,12.66
67,Ribeira Grande,PT,2021-09-29 16:20:51,38.5167,-28.7,75.6,88,75,8.05
68,Nanortalik,GL,2021-09-29 16:20:52,60.1432,-45.2371,38.25,61,11,4.97
69,Havoysund,NO,2021-09-29 16:20:52,70.9963,24.6622,46.63,87,66,3.96
70,Mount Isa,AU,2021-09-29 16:20:53,-20.7333,139.5,73.17,60,34,4.61
71,East London,ZA,2021-09-29 16:20:53,-33.0153,27.9116,58.14,100,90,6.91
72,Butaritari,KI,2021-09-29 16:20:53,3.0707,172.7902,81.75,78,95,15.21
73,Tuktoyaktuk,CA,2021-09-29 16:20:54,69.4541,-133.0374,33.8,100,90,27.63
74,Ternate,ID,2021-09-29 16:20:54,0.8,127.4,80.87,80,38,1.88
75,Kalmunai,LK,2021-09-29 16:20:54,7.4167,81.8167,82.78,76,93,4.21
76,Karratha,AU,2021-09-29 16:20:55,-20.7377,116.8463,74.93,48,5,14.16
77,Carnarvon,AU,2021-09-29 16:20:55,-24.8667,113.6333,69.87,88,8,10.36
78,Abis,PH,2021-09-29 16:20:55,9.7173,122.9438,76.17,93,100,2.84
79,Half Moon Bay,US,2021-09-29 16:20:56,37.4636,-122.4286,64.45,77,1,3.44
80,Faya,SA,2021-09-29 16:20:56,18.3851,42.4509,69.91,56,51,6.49
81,Bengkulu,ID,2021-09-29 16:20:56,-3.8004,102.2655,75.9,91,100,6.98
82,Airai,TL,2021-09-29 16:20:57,-8.9266,125.4092,58.91,83,9,2.21
83,Kula,TR,2021-09-29 16:20:57,38.5473,28.6498,68.79,33,8,9.46
84,Edd,ER,2021-09-29 16:20:57,13.9297,41.6925,88.9,65,88,7.74
85,Esmeraldas,BR,2021-09-29 16:20:58,-19.7625,-44.3139,93.31,26,39,6.08
86,Mattru,SL,2021-09-29 16:20:58,7.6244,-11.8332,80.11,77,73,6.51
87,Naica,MX,2021-09-29 16:20:58,27.85,-105.4833,73.99,32,2,12.26
88,Thinadhoo,MV,2021-09-29 16:20:59,0.5333,72.9333,82.89,70,63,5.86
89,Bathsheba,BB,2021-09-29 16:20:59,13.2167,-59.5167,90.21,66,40,10.36
90,Walvis Bay,NA,2021-09-29 16:20:59,-22.9575,14.5053,63.55,59,6,13.8
91,Balikpapan,ID,2021-09-29 16:21:00,-1.2675,116.8289,78.35,87,96,5.64
92,Yining,CN,2021-09-29 16:21:00,29.0361,114.5636,68.85,96,25,1.68
93,Vilyuysk,RU,2021-09-29 16:21:00,63.7553,121.6247,26.6,92,63,5.26
94,Ulagan,RU,2021-09-29 16:21:01,50.6321,87.9563,40.59,91,86,2.08
95,Nicoya,CR,2021-09-29 16:21:01,10.1483,-85.452,83.75,82,100,2.53
96,Kuusamo,FI,2021-09-29 16:21:01,65.9667,29.1833,44.64,81,75,4.61
97,Georgetown,MY,2021-09-29 16:21:01,5.4112,100.3354,78.73,92,40,5.75
98,Victoria,HK,2021-09-29 16:19:37,22.2855,114.1577,86.38,84,2,3.0
99,Arraial Do Cabo,BR,2021-09-29 16:21:02,-22.9661,-42.0278,80.46,65,40,13.8
100,Moramanga,MG,2021-09-29 16:21:02,-18.9333,48.2,58.86,98,11,3.98
101,Leningradskiy,RU,2021-09-29 16:21:03,69.3833,178.4167,27.12,97,100,18.9
102,Salinas,US,2021-09-29 16:21:03,36.6777,-121.6555,63.64,78,1,0.0
103,Bayangol,RU,2021-09-29 16:21:03,50.6977,103.4656,25.21,84,39,2.55
104,Daru,PG,2021-09-29 16:21:03,-9.0763,143.2092,78.12,90,79,14.41
105,Qaanaaq,GL,2021-09-29 16:21:04,77.484,-69.3632,18.95,81,10,4.47
106,Puerto Ayora,EC,2021-09-29 16:21:04,-0.7393,-90.3518,76.96,81,91,8.95
107,Tavda,RU,2021-09-29 16:21:04,58.0425,65.2726,36.81,81,90,4.92
108,Makurdi,NG,2021-09-29 16:21:05,7.7411,8.5121,80.31,80,96,3.85
109,Torbay,CA,2021-09-29 16:21:05,47.6666,-52.7314,69.89,92,90,6.91
110,Port Alfred,ZA,2021-09-29 16:21:05,-33.5906,26.891,60.48,78,100,21.92
111,Odesskoye,RU,2021-09-29 16:21:06,54.2111,72.9651,39.25,68,96,6.67
112,Ridgecrest,US,2021-09-29 16:18:55,35.6225,-117.6709,70.68,27,20,3.0
113,Jumla,NP,2021-09-29 16:21:06,29.2747,82.1838,58.17,95,86,1.7
114,Saskylakh,RU,2021-09-29 16:21:06,71.9167,114.0833,22.91,91,100,4.36
115,Mount Gambier,AU,2021-09-29 16:21:07,-37.8333,140.7667,55.31,88,90,16.11
116,Nikolskoye,RU,2021-09-29 16:21:07,59.7035,30.7861,50.88,76,85,3.11
117,Coihaique,CL,2021-09-29 16:21:08,-45.5752,-72.0662,52.41,53,75,9.22
118,Najran,SA,2021-09-29 16:21:08,17.4924,44.1277,84.85,29,92,5.7
119,Saint-Joseph,RE,2021-09-29 16:21:08,-21.3667,55.6167,70.18,78,35,11.1
120,Laguna,US,2021-09-29 16:19:37,38.421,-121.4238,69.48,54,1,1.01
121,Bethel,US,2021-09-29 16:16:50,41.3712,-73.414,66.02,63,40,9.22
122,Pringsewu,ID,2021-09-29 16:21:09,-5.3582,104.9744,75.02,95,100,2.66
123,Bukachacha,RU,2021-09-29 16:21:09,52.9833,116.9167,33.48,78,100,2.95
124,Salta,AR,2021-09-29 16:19:14,-24.7859,-65.4117,73.69,49,75,5.01
125,Vannes,FR,2021-09-29 16:21:09,47.8333,-2.5,66.61,37,8,11.56
126,Rio Gallegos,AR,2021-09-29 16:17:23,-51.6226,-69.2181,62.65,15,0,14.97
127,Nagato,JP,2021-09-29 16:21:10,34.3833,131.2,76.91,81,4,15.97
128,Saldanha,ZA,2021-09-29 16:21:10,-33.0117,17.9442,69.85,62,0,19.77
129,Komsomolskiy,UZ,2021-09-29 16:21:10,40.4272,71.7189,68.72,56,4,6.91
130,Tambura,SS,2021-09-29 16:21:11,5.6,27.4667,78.66,70,100,0.96
131,Bol,TD,2021-09-29 16:21:11,13.4586,14.7147,84.51,69,100,2.73
132,Muros,ES,2021-09-29 16:21:12,42.7762,-9.0603,74.68,68,98,9.6
133,Salalah,OM,2021-09-29 16:21:12,17.0151,54.0924,84.29,84,75,8.05
134,Talnakh,RU,2021-09-29 16:21:12,69.4865,88.3972,32.7,80,100,10.45
135,Manono,CD,2021-09-29 16:21:12,-7.3,27.4167,83.62,51,61,1.83
136,Governador Valadares,BR,2021-09-29 16:17:14,-18.8511,-41.9494,93.42,30,2,5.48
137,San Ramon,US,2021-09-29 16:16:34,37.7799,-121.978,64.63,80,1,1.99
138,Rabo De Peixe,PT,2021-09-29 16:21:13,37.8,-25.5833,74.71,78,20,5.75
139,Barstow,US,2021-09-29 16:21:14,34.8986,-117.0228,69.48,43,100,5.21
140,Koungou,YT,2021-09-29 16:21:14,-12.7336,45.2042,78.51,78,75,8.05
141,Hobart,AU,2021-09-29 16:19:29,-42.8794,147.3294,49.86,82,90,0.0
142,Klaksvik,FO,2021-09-29 16:21:14,62.2266,-6.589,49.12,70,83,12.86
143,Hambantota,LK,2021-09-29 16:21:15,6.1241,81.1185,82.45,69,94,15.35
144,Tautira,PF,2021-09-29 16:21:15,-17.7333,-149.15,73.42,71,33,16.26
145,Elena,BG,2021-09-29 16:21:15,42.9333,25.8833,62.71,74,100,0.63
146,Touros,BR,2021-09-29 16:21:16,-5.1989,-35.4608,86.9,61,25,18.5
147,Sao Filipe,CV,2021-09-29 16:21:16,14.8961,-24.4956,79.84,78,25,0.67
148,Mugur-Aksy,RU,2021-09-29 16:21:16,50.35,90.5,34.43,72,36,3.8
149,Soro,IN,2021-09-29 16:21:17,21.2881,86.6858,77.92,95,100,6.46
150,North Bend,US,2021-09-29 16:21:17,43.4065,-124.2243,56.12,93,1,10.36
151,Rulenge,TZ,2021-09-29 16:21:17,-2.7175,30.6325,72.79,58,83,1.19
152,Castro,BR,2021-09-29 16:20:38,-24.7911,-50.0119,82.83,39,60,8.08
153,Kodiak,US,2021-09-29 16:21:18,57.79,-152.4072,33.31,86,40,4.61
154,Boyolangu,ID,2021-09-29 16:21:18,-8.1181,111.8935,74.21,92,85,3.8
155,Kruisfontein,ZA,2021-09-29 16:21:19,-34.0033,24.7314,53.89,80,100,18.43
156,Iqaluit,CA,2021-09-29 16:16:30,63.7506,-68.5145,35.33,80,75,11.01
157,Santa Cruz,BO,2021-09-29 16:21:03,-17.8,-63.1667,94.46,49,40,13.8
158,Codrington,AU,2021-09-29 16:21:19,-38.2667,141.9667,53.44,97,100,17.76
159,Huarmey,PE,2021-09-29 16:21:19,-10.0681,-78.1522,67.3,75,74,8.55
160,Belmonte,BR,2021-09-29 16:21:20,-15.8631,-38.8828,81.1,59,17,9.42
161,Imbituba,BR,2021-09-29 16:21:20,-28.24,-48.6703,73.29,77,92,10.09
162,Port Elizabeth,ZA,2021-09-29 16:18:10,-33.918,25.5701,57.49,82,90,11.5
163,Yicheng,CN,2021-09-29 16:21:20,31.3705,119.8703,69.44,93,37,6.2
164,Ola,RU,2021-09-29 16:21:21,59.5833,151.2833,31.21,60,81,8.93
165,Sinnamary,GF,2021-09-29 16:21:21,5.3833,-52.95,85.82,65,30,7.49
166,Puerto Madryn,AR,2021-09-29 16:21:22,-42.7692,-65.0385,69.91,26,41,27.07
167,Hasaki,JP,2021-09-29 16:21:22,35.7333,140.8333,66.49,73,100,7.61
168,Khatanga,RU,2021-09-29 16:21:22,71.9667,102.5,29.89,70,84,11.97
169,Morondava,MG,2021-09-29 16:21:23,-20.2833,44.2833,78.33,75,2,14.27
170,Mahebourg,MU,2021-09-29 16:21:23,-20.4081,57.7,73.26,78,20,11.5
171,Majene,ID,2021-09-29 16:21:23,-3.5403,118.9707,79.14,87,84,9.44
172,Eatonton,US,2021-09-29 16:18:03,33.3268,-83.3885,84.02,70,4,2.8
173,Pasni,PK,2021-09-29 16:21:24,25.2631,63.471,85.46,67,30,8.52
174,Arlit,NE,2021-09-29 16:21:24,18.7369,7.3853,100.29,10,67,16.91
175,Acajutla,SV,2021-09-29 16:21:24,13.5928,-89.8275,88.14,64,99,6.58
176,Edwardsville,US,2021-09-29 16:20:51,38.8114,-89.9532,84.18,67,1,3.0
177,Kaitangata,NZ,2021-09-29 16:21:25,-46.2817,169.8464,42.93,73,77,11.59
178,Caudry,FR,2021-09-29 16:21:25,50.1249,3.4119,58.17,63,6,14.72
179,Saint-Philippe,RE,2021-09-29 16:21:25,-21.3585,55.7679,71.19,80,46,12.95
180,Ugoofaaru,MV,2021-09-29 16:21:26,5.6667,73.0,82.31,77,92,9.91
181,Hokitika,NZ,2021-09-29 16:21:26,-42.7167,170.9667,48.16,85,77,11.79
182,Taoudenni,ML,2021-09-29 16:21:26,22.6783,-3.9836,105.4,5,0,9.24
183,San Patricio,US,2021-09-29 16:21:27,28.017,-97.5169,80.47,65,46,11.97
184,Haines Junction,CA,2021-09-29 16:21:27,60.7522,-137.5108,24.75,93,64,0.0
185,Mayumba,GA,2021-09-29 16:21:27,-3.432,10.6554,77.0,83,72,8.97
186,Dromolaxia,CY,2021-09-29 16:21:28,34.8761,33.586,81.64,77,20,13.8
187,Topolobampo,MX,2021-09-29 16:21:28,25.6,-109.05,87.06,67,2,6.78
188,Pevek,RU,2021-09-29 16:21:28,69.7008,170.3133,27.95,87,100,22.39
189,Amapa,BR,2021-09-29 16:21:29,1.0,-52.0,95.86,33,0,4.34
190,Norman Wells,CA,2021-09-29 16:21:29,65.282,-126.8329,28.44,80,75,4.61
191,Aykhal,RU,2021-09-29 16:21:29,66.0,111.5,26.78,61,23,4.81
192,Sorland,NO,2021-09-29 16:21:29,67.667,12.6934,53.67,80,100,11.9
193,Orange,US,2021-09-29 16:17:28,33.7,-117.7675,71.15,80,20,1.01
194,Dasoguz,TM,2021-09-29 16:21:30,41.8363,59.9666,62.55,59,0,11.5
195,Lerwick,GB,2021-09-29 16:21:30,60.1545,-1.1494,51.8,82,100,10.71
196,Yar-Sale,RU,2021-09-29 16:21:31,66.8333,70.8333,37.33,85,85,14.03
197,Narsaq,GL,2021-09-29 16:21:31,60.9167,-46.05,41.22,35,9,1.07
198,Akdepe,TM,2021-09-29 16:21:31,42.0551,59.3788,62.69,39,10,11.68
199,Vao,NC,2021-09-29 16:21:32,-22.6667,167.4833,69.39,76,69,19.28
200,La Rioja,ES,2021-09-29 16:21:32,42.25,-2.5,66.49,52,89,9.89
201,Sambava,MG,2021-09-29 16:21:32,-14.2667,50.1667,73.17,78,89,13.15
202,Juneau,US,2021-09-29 16:21:18,58.3019,-134.4197,44.65,97,90,0.0
203,Srivardhan,IN,2021-09-29 16:21:33,18.0333,73.0167,78.93,88,100,9.13
204,Beya,RU,2021-09-29 16:21:33,53.0533,90.9139,42.3,74,100,3.02
205,Hualmay,PE,2021-09-29 16:21:33,-11.0964,-77.6139,66.85,73,68,7.23
206,A Coruna,ES,2021-09-29 16:21:34,43.3713,-8.396,70.25,79,20,15.01
207,Oswego,US,2021-09-29 16:17:12,43.4501,-76.1497,63.91,68,10,5.99
208,Katsuura,JP,2021-09-29 16:21:34,35.1333,140.3,72.1,74,100,6.4
209,Nabire,ID,2021-09-29 16:21:35,-3.3667,135.4833,77.29,89,96,2.55
210,Cam Ranh,VN,2021-09-29 16:21:35,11.9214,109.1591,82.36,57,40,6.91
211,Chervone,UA,2021-09-29 16:21:35,49.9564,28.8645,52.03,61,100,8.66
212,Ngozi,BI,2021-09-29 16:21:36,-2.9075,29.8306,66.58,65,99,2.51
213,Kulu,TR,2021-09-29 16:21:36,39.0951,33.0799,66.38,43,100,11.54
214,Batsfjord,NO,2021-09-29 16:21:36,70.6345,29.7185,47.98,76,0,8.05
215,Purbalingga,ID,2021-09-29 16:21:36,-7.3881,109.3639,77.41,93,81,1.74
216,Kondinskoye,RU,2021-09-29 16:21:37,59.6481,67.41,37.04,81,98,6.33
217,Burnie,AU,2021-09-29 16:21:37,-41.0667,145.9167,51.93,79,100,15.61
218,Tiksi,RU,2021-09-29 16:21:37,71.6872,128.8694,31.37,86,100,5.88
219,Saint-Augustin,CA,2021-09-29 16:21:38,51.226,-58.6502,57.58,64,100,10.49
220,Udachnyy,RU,2021-09-29 16:21:38,66.4167,112.4,27.09,66,43,4.09
221,Blackford,US,2021-09-29 16:21:38,40.4511,-85.37,74.82,48,0,6.98
222,Xining,CN,2021-09-29 16:21:39,36.6167,101.7667,54.1,50,1,1.9
223,Sanford,US,2021-09-29 16:20:37,28.8006,-81.2731,87.93,58,20,1.99
224,Adelaide,AU,2021-09-29 16:21:39,-34.9333,138.6,57.56,89,0,6.91
225,Bambous Virieux,MU,2021-09-29 16:21:40,-20.3428,57.7575,73.22,78,20,11.5
226,Richards Bay,ZA,2021-09-29 16:21:40,-28.783,32.0377,67.35,73,100,7.25
227,Kansanshi,ZM,2021-09-29 16:21:40,-12.0951,26.4273,77.5,37,80,3.87
228,Prince Rupert,CA,2021-09-29 16:18:10,54.3161,-130.3201,51.49,88,90,10.36
229,Deputatskiy,RU,2021-09-29 16:21:41,69.3,139.9,14.16,85,31,3.2
230,Belyy Yar,RU,2021-09-29 16:21:41,53.6039,91.3903,42.69,65,0,4.47
231,Myskhako,RU,2021-09-29 16:21:41,44.6714,37.7433,56.98,58,46,23.09
232,Cacoal,BR,2021-09-29 16:21:41,-11.4386,-61.4472,101.39,28,79,3.89
233,Flin Flon,CA,2021-09-29 16:21:42,54.7682,-101.865,60.64,77,90,4.61
234,Elektrogorsk,RU,2021-09-29 16:21:42,55.8794,38.7919,42.55,76,83,4.43
235,Maroantsetra,MG,2021-09-29 16:21:43,-15.4333,49.7333,71.38,82,59,6.96
236,Teya,RU,2021-09-29 16:21:43,60.3778,92.6267,35.42,76,92,2.75
237,Sibu,MY,2021-09-29 16:21:43,2.3,111.8167,79.11,94,40,0.0
238,Las Guacamayas,MX,2021-09-29 16:21:44,18.0167,-102.2167,82.38,70,100,2.33
239,Gornozavodsk,RU,2021-09-29 16:21:44,58.3758,58.3211,32.09,89,16,3.58
240,Tsogni,GA,2021-09-29 16:21:44,-2.7942,10.0988,77.79,79,74,9.24
241,Cairns,AU,2021-09-29 16:21:45,-16.9167,145.7667,73.35,89,40,3.44
242,Lebu,CL,2021-09-29 16:21:45,-37.6167,-73.65,55.35,55,2,9.06
243,Tasiilaq,GL,2021-09-29 16:21:45,65.6145,-37.6368,44.76,64,45,4.43
244,Boa Vista,BR,2021-09-29 16:21:23,2.8197,-60.6733,91.38,46,75,6.91
245,Urusha,RU,2021-09-29 16:21:46,54.05,122.9,34.09,86,100,3.91
246,Oktyabrskiy,RU,2021-09-29 16:21:46,54.4815,53.471,38.88,58,88,5.95
247,Dingle,PH,2021-09-29 16:21:46,10.9995,122.6711,77.11,91,90,3.02
248,Byron Bay,AU,2021-09-29 16:21:47,-28.65,153.6167,67.95,86,100,13.89
249,Ozu,JP,2021-09-29 16:21:47,33.5,132.55,68.58,94,3,4.76
250,Asau,RO,2021-09-29 16:21:47,46.4333,26.4,56.39,81,93,4.43
251,Kavieng,PG,2021-09-29 16:21:48,-2.5744,150.7967,82.18,79,47,14.47
252,Husavik,IS,2021-09-29 16:21:48,66.0449,-17.3389,42.71,67,100,23.6
253,Sobolevo,RU,2021-09-29 16:21:48,54.4299,31.8996,43.74,71,78,4.18
254,Nizhniy Baskunchak,RU,2021-09-29 16:20:15,48.2198,46.8311,50.54,43,63,7.81
255,Khovu-Aksy,RU,2021-09-29 16:21:49,51.1333,93.6,35.98,50,94,4.59
256,Atasu,KZ,2021-09-29 16:21:49,48.6814,71.6433,50.65,65,100,12.55
257,Rawson,AR,2021-09-29 16:21:49,-43.3002,-65.1023,71.74,19,41,24.63
258,Wailuku,US,2021-09-29 16:17:13,20.8911,-156.5047,75.96,87,20,5.99
259,Along,IN,2021-09-29 16:21:50,28.1667,94.7667,73.11,98,58,1.41
260,Severo-Kurilsk,RU,2021-09-29 16:21:50,50.6789,156.125,49.84,91,59,5.32
261,General Escobedo,MX,2021-09-29 16:17:56,25.8167,-100.3333,92.97,78,15,2.26
262,Aksu,CN,2021-09-29 16:21:50,41.1231,80.2644,71.89,17,92,3.22
263,Cherskiy,RU,2021-09-29 16:21:51,68.75,161.3,19.53,98,82,7.58
264,Camocim,BR,2021-09-29 16:21:51,-2.9022,-40.8411,90.05,55,14,15.3
265,Safaga,EG,2021-09-29 16:21:51,26.7292,33.9365,85.95,50,0,17.6
266,Cidreira,BR,2021-09-29 16:21:52,-30.1811,-50.2056,66.81,86,94,11.86
267,Evensk,RU,2021-09-29 16:21:52,61.95,159.2333,27.46,47,1,5.17
268,Vanersborg,SE,2021-09-29 16:21:52,58.3807,12.3234,57.72,92,90,11.5
269,Geraldton,AU,2021-09-29 16:21:53,-28.7667,114.6,57.61,94,40,8.05
270,Srednekolymsk,RU,2021-09-29 16:21:53,67.45,153.6833,16.65,97,44,3.31
271,Sorong,ID,2021-09-29 16:16:58,-0.8833,131.25,79.21,86,86,5.91
272,Roebourne,AU,2021-09-29 16:21:53,-20.7833,117.1333,75.6,38,1,12.24
273,Palmer,US,2021-09-29 16:21:54,42.1584,-72.3287,64.69,53,20,1.99
274,Tingo Maria,PE,2021-09-29 16:21:54,-9.2895,-76.0088,82.71,65,20,3.44
275,Makakilo City,US,2021-09-29 16:21:54,21.3469,-158.0858,74.68,72,1,4.61
276,Ponta Do Sol,PT,2021-09-29 16:21:55,32.6667,-17.1,79.12,53,0,6.08
277,Tabuk,PH,2021-09-29 16:21:55,17.4189,121.4443,75.18,93,51,3.24
278,Sola,VU,2021-09-29 16:21:55,-13.8833,167.55,79.27,80,93,17.27
279,Luderitz,NA,2021-09-29 16:21:56,-26.6481,15.1594,63.28,65,23,29.26
280,Alyangula,AU,2021-09-29 16:21:56,-13.8483,136.4192,76.15,84,39,8.72
281,Barrow,US,2021-09-29 16:17:35,71.2906,-156.7887,28.42,74,90,9.22
282,Yei,SS,2021-09-29 16:21:57,4.095,30.6779,74.01,82,98,2.59
283,Conceicao Da Barra,BR,2021-09-29 16:21:57,-18.5933,-39.7322,83.89,54,27,11.43
284,Kidal,ML,2021-09-29 16:21:57,18.4411,1.4078,100.38,12,9,10.09
285,Dunedin,NZ,2021-09-29 16:21:58,-45.8742,170.5036,41.81,71,74,16.58
286,Lorengau,PG,2021-09-29 16:21:58,-2.0226,147.2712,80.22,83,23,4.88
287,Chuy,UY,2021-09-29 16:21:58,-33.6971,-53.4616,61.3,71,96,9.98
288,Sortino,IT,2021-09-29 16:21:58,37.1566,15.026,77.81,62,70,3.27
289,Mtinko,TZ,2021-09-29 16:21:59,-4.55,34.85,79.93,30,78,8.41
290,Kutum,SD,2021-09-29 16:21:59,14.2,24.6667,86.76,21,44,8.88
291,Ostrovnoy,RU,2021-09-29 16:22:00,68.0531,39.5131,46.89,85,82,7.63
292,Coquimbo,CL,2021-09-29 16:22:00,-29.9533,-71.3436,64.13,67,0,11.5
293,Awbari,LY,2021-09-29 16:22:00,26.5921,12.7805,92.98,13,0,9.69
294,Fairbanks,US,2021-09-29 16:19:37,64.8378,-147.7164,21.81,89,75,0.0
295,Gat,IL,2021-09-29 16:20:01,31.61,34.7642,77.81,100,0,8.01
296,Provideniya,RU,2021-09-29 16:22:01,64.3833,-173.3,30.2,79,100,9.51
297,Opuwo,NA,2021-09-29 16:22:01,-18.0607,13.84,88.72,13,36,12.21
298,Sungaipenuh,ID,2021-09-29 16:22:02,-2.0833,101.3833,65.28,99,100,2.82
299,Mocuba,MZ,2021-09-29 16:22:02,-16.8392,36.9856,86.07,40,50,10.6
300,Moranbah,AU,2021-09-29 16:22:03,-22.0016,148.0466,66.69,72,100,7.45
301,Sindor,RU,2021-09-29 16:20:08,62.8629,51.8905,43.2,79,100,4.34
302,Puerto Leguizamo,CO,2021-09-29 16:22:03,-0.1934,-74.7819,87.26,54,100,4.14
303,Padang,ID,2021-09-29 16:22:03,-0.9492,100.3543,75.25,94,100,7.4
304,Sisimiut,GL,2021-09-29 16:22:04,66.9395,-53.6735,32.77,44,69,3.44
305,Varzea Da Palma,BR,2021-09-29 16:19:10,-17.5981,-44.7308,97.52,22,8,4.61
306,Hobyo,SO,2021-09-29 16:22:04,5.3505,48.5268,79.95,76,5,25.5
307,Poum,NC,2021-09-29 16:22:05,-20.2333,164.0167,72.97,75,12,20.78
308,Comodoro Rivadavia,AR,2021-09-29 16:22:05,-45.8667,-67.5,60.66,21,0,12.66
309,Washington,US,2021-09-29 16:17:29,47.5001,-120.5015,49.57,64,29,2.01
310,Faanui,PF,2021-09-29 16:22:05,-16.4833,-151.75,78.94,75,9,17.07
311,Raga,SS,2021-09-29 16:22:06,8.4596,25.678,76.46,86,100,2.66
312,Clyde River,CA,2021-09-29 16:22:06,70.4692,-68.5914,32.23,100,90,19.57
313,Williamsburg,US,2021-09-29 16:18:16,37.2707,-76.7075,75.76,68,40,5.75
314,Buchanan,LR,2021-09-29 16:22:06,5.8808,-10.0467,87.76,74,56,9.64
315,Vallenar,CL,2021-09-29 16:22:07,-28.5708,-70.7581,89.1,8,8,8.19
316,Rorvik,NO,2021-09-29 16:22:07,64.8621,11.2373,55.38,72,27,24.49
317,Grand Gaube,MU,2021-09-29 16:22:07,-20.0064,57.6608,73.38,70,49,5.99
318,Fort Abbas,PK,2021-09-29 16:22:08,29.1925,72.8536,93.34,44,4,14.99
319,Ascoli Piceno,IT,2021-09-29 16:22:08,42.8548,13.5749,79.74,64,56,3.42
320,Upernavik,GL,2021-09-29 16:22:08,72.7868,-56.1549,30.25,47,100,0.92
321,Baraboo,US,2021-09-29 16:22:09,43.4711,-89.7443,75.51,63,1,0.0
322,Gizo,SB,2021-09-29 16:22:09,-8.103,156.8419,81.3,79,86,6.93
323,Rosetta,EG,2021-09-29 16:22:09,31.4044,30.4164,78.62,73,0,15.57
324,Caravelas,BR,2021-09-29 16:22:10,-17.7125,-39.2481,83.95,50,6,10.31
325,Brae,GB,2021-09-29 16:22:10,60.3964,-1.353,51.71,81,100,11.16
326,Campoverde,PE,2021-09-29 16:22:10,-8.4753,-74.8058,91.09,37,50,2.48
327,Ziway,ET,2021-09-29 16:22:11,7.9333,38.7167,68.54,68,97,10.38
328,Vondrozo,MG,2021-09-29 16:22:11,-22.8167,47.2833,64.35,84,20,4.05
329,Nenjiang,CN,2021-09-29 16:22:11,49.1833,125.2167,38.55,68,10,7.67
330,Henties Bay,NA,2021-09-29 16:22:11,-22.116,14.2845,58.86,80,0,10.89
331,Nortelandia,BR,2021-09-29 16:22:12,-14.4547,-56.8028,103.32,24,37,3.49
332,Kloulklubed,PW,2021-09-29 16:22:12,7.0419,134.2556,77.5,72,61,6.98
333,Naze,JP,2021-09-29 16:22:13,28.3667,129.4833,77.88,81,39,16.42
334,Tselinnoye,RU,2021-09-29 16:22:13,53.0833,85.6667,43.68,94,67,9.33
335,Cabanas,CU,2021-09-29 16:22:13,22.9758,-82.9219,84.67,64,65,9.62
336,La Palma,US,2021-09-29 16:22:14,33.8464,-118.0467,72.1,75,20,1.01
337,Mindelo,CV,2021-09-29 16:22:14,16.8901,-24.9804,87.35,62,75,21.85
338,Ilulissat,GL,2021-09-29 16:22:14,69.2167,-51.1,32.02,37,40,6.91
339,Port Keats,AU,2021-09-29 16:20:06,-14.25,129.55,78.66,86,79,7.31
340,Yantal,RU,2021-09-29 16:22:15,56.8471,105.2542,29.01,95,81,1.57
341,Cururupu,BR,2021-09-29 16:22:15,-1.8283,-44.8683,82.87,75,36,6.29
342,Bar Harbor,US,2021-09-29 16:22:15,44.3876,-68.2039,64.35,53,1,8.99
343,Maceio,BR,2021-09-29 16:22:16,-9.6658,-35.7353,80.04,100,90,5.75
344,Siyabuswa,ZA,2021-09-29 16:22:16,-25.1132,29.0445,74.19,50,66,14.81
345,Dagda,LV,2021-09-29 16:22:16,56.0951,27.5372,45.54,76,76,5.44
346,Kirakira,SB,2021-09-29 16:22:17,-10.4544,161.9205,78.89,87,92,6.93
347,Itarema,BR,2021-09-29 16:22:17,-2.9248,-39.9167,89.58,54,6,18.86
348,Ust-Ishim,RU,2021-09-29 16:22:18,57.6935,71.1665,37.65,90,100,6.29
349,Fortuna,US,2021-09-29 16:22:18,40.5982,-124.1573,55.36,75,20,0.0
350,Trairi,BR,2021-09-29 16:19:11,-3.2778,-39.2689,88.7,54,4,16.71
351,Innisfail,AU,2021-09-29 16:18:45,-17.5333,146.0333,72.57,85,98,6.11
352,Takaka,NZ,2021-09-29 16:22:18,-40.85,172.8,52.56,90,80,7.43
353,Necochea,AR,2021-09-29 16:22:19,-38.5473,-58.7368,66.04,54,3,14.09
354,Erzin,TR,2021-09-29 16:22:19,36.9559,36.2,77.52,82,10,6.82
355,Aitape,PG,2021-09-29 16:22:19,-3.1374,142.3475,78.94,87,62,4.97
356,Les Cayes,HT,2021-09-29 16:22:20,18.2,-73.75,88.18,57,20,7.38
357,Lavrentiya,RU,2021-09-29 16:22:20,65.5833,-171.0,34.38,93,100,10.71
358,Chicama,PE,2021-09-29 16:22:20,-7.8447,-79.1469,61.34,58,20,8.93
359,Bichura,RU,2021-09-29 16:22:21,50.5881,107.6022,28.26,92,60,4.12
360,Plettenberg Bay,ZA,2021-09-29 16:22:21,-34.0527,23.3716,56.57,86,100,20.11
361,Seydi,TM,2021-09-29 16:22:21,39.4816,62.9137,70.74,29,0,8.79
362,Villa Rica,US,2021-09-29 16:21:13,33.7321,-84.9191,83.25,74,13,6.26
363,Vangaindrano,MG,2021-09-29 16:22:22,-23.35,47.6,71.24,80,20,11.14
364,Varkkallai,IN,2021-09-29 16:22:22,8.7341,76.7067,82.18,89,16,8.19
365,Longyearbyen,SJ,2021-09-29 16:22:22,78.2186,15.6401,33.64,86,75,11.5
366,Tessaoua,NE,2021-09-29 16:22:23,13.7574,7.9874,93.43,36,100,10.96
367,Ancud,CL,2021-09-29 16:22:23,-41.8697,-73.8203,49.53,70,100,10.69
368,Hami,CN,2021-09-29 16:22:23,42.8,93.45,69.75,18,27,5.32
369,High Prairie,CA,2021-09-29 16:22:24,55.4334,-116.4858,40.3,56,2,3.94
370,Alofi,NU,2021-09-29 16:22:24,-19.0595,-169.9187,73.29,100,24,3.44
371,Port Hueneme,US,2021-09-29 16:22:24,34.1478,-119.1951,71.49,76,1,4.61
372,Suslovo,RU,2021-09-29 16:22:25,56.2167,88.1167,39.2,71,99,8.05
373,Aguimes,ES,2021-09-29 16:22:25,27.9054,-15.4461,76.66,63,20,34.52
374,Novo Oriente,BR,2021-09-29 16:22:25,-5.5344,-40.7742,98.13,21,31,8.19
375,Spirovo,RU,2021-09-29 16:22:26,57.419,34.9766,44.26,83,92,2.93
376,Nome,US,2021-09-29 16:22:26,64.5011,-165.4064,28.47,80,90,3.44
377,Saint George,US,2021-09-29 16:19:59,37.1041,-113.5841,66.67,41,1,1.01
378,Yulara,AU,2021-09-29 16:22:27,-25.2406,130.9889,60.64,29,0,6.91
379,Altus,US,2021-09-29 16:18:14,34.6381,-99.334,74.71,83,90,12.66
380,Harper,LR,2021-09-29 16:22:27,4.375,-7.7169,78.55,83,99,10.4
381,Psedakh,RU,2021-09-29 16:22:27,43.4672,44.5692,51.42,76,100,5.68
382,Portland,US,2021-09-29 16:19:01,45.5234,-122.6762,55.87,88,75,1.01
383,Ligayan,PH,2021-09-29 16:22:28,4.6533,119.4706,84.56,73,71,7.14
384,Tuatapere,NZ,2021-09-29 16:22:28,-46.1333,167.6833,41.83,88,98,9.04
385,Coffeyville,US,2021-09-29 16:21:29,37.0373,-95.6164,75.56,94,40,3.44
386,Flinders,AU,2021-09-29 16:22:29,-34.5833,150.8552,62.19,88,100,1.01
387,Jawa,JO,2021-09-29 16:19:18,31.8525,35.9393,75.51,47,20,9.22
388,Willowmore,ZA,2021-09-29 16:22:29,-33.2926,23.4895,54.73,73,92,21.54
389,Tabou,CI,2021-09-29 16:22:29,4.423,-7.3528,78.37,84,99,11.32
390,Guarapari,BR,2021-09-29 16:22:30,-20.6667,-40.4975,89.49,54,0,21.3
391,Catamarca,AR,2021-09-29 16:22:30,-28.4696,-65.7852,65.05,55,30,16.06
392,Vestmannaeyjar,IS,2021-09-29 16:22:30,63.4427,-20.2734,45.59,70,20,21.85
393,Baker City,US,2021-09-29 16:22:31,44.7749,-117.8344,44.92,93,1,0.0
394,Bayevo,RU,2021-09-29 16:22:31,53.2833,80.7667,39.36,88,98,11.16
395,Aklavik,CA,2021-09-29 16:22:31,68.2191,-135.0107,29.23,81,98,6.13
396,Rio Grande,BR,2021-09-29 16:20:59,-32.035,-52.0986,67.95,80,97,13.18
397,Columbus,US,2021-09-29 16:18:36,39.9612,-82.9988,72.82,54,1,1.01
398,Basco,PH,2021-09-29 16:22:32,20.4487,121.9702,83.08,77,76,9.95
399,Cayenne,GF,2021-09-29 16:22:32,4.9333,-52.3333,91.44,75,0,3.0
400,Luba,GQ,2021-09-29 16:22:32,3.4568,8.5547,80.49,82,100,6.89
401,Progreso,MX,2021-09-29 16:22:33,21.2833,-89.6667,86.11,55,8,6.8
402,Labuhan,ID,2021-09-29 16:22:33,-6.8844,112.2051,80.96,75,74,7.31
403,Gardez,AF,2021-09-29 16:22:33,33.5974,69.2259,64.53,64,4,5.19
404,Contamana,PE,2021-09-29 16:22:34,-7.3333,-75.0167,97.43,37,25,3.09
405,Semey,KZ,2021-09-29 16:22:34,50.4111,80.2275,50.22,66,0,6.71
406,Bilma,NE,2021-09-29 16:22:34,18.6853,12.9164,99.86,12,23,9.1
407,Mogadishu,SO,2021-09-29 16:19:26,2.0371,45.3438,79.92,77,85,13.06
408,Raudeberg,NO,2021-09-29 16:22:35,61.9875,5.1352,60.4,49,96,1.99
409,Phalaborwa,ZA,2021-09-29 16:22:35,-23.943,31.1411,79.88,36,0,7.45
410,Couvin,BE,2021-09-29 16:22:35,50.0528,4.495,56.43,68,5,12.59
411,Canto Do Buriti,BR,2021-09-29 16:22:36,-8.11,-42.9444,98.67,19,94,6.29
412,Vila,PT,2021-09-29 16:22:36,42.0304,-8.1588,66.33,65,64,5.79
413,Djambala,CG,2021-09-29 16:22:36,-2.5447,14.7533,73.67,83,99,2.17
414,Lobito,AO,2021-09-29 16:22:37,-12.3481,13.5456,72.75,78,11,9.89
415,Truth Or Consequences,US,2021-09-29 16:22:37,33.1284,-107.2528,68.23,59,1,0.0
416,Verkhoyansk,RU,2021-09-29 16:22:38,67.5447,133.385,23.04,77,10,2.62
417,Te Anau,NZ,2021-09-29 16:22:38,-45.4167,167.7167,35.82,90,59,2.28
418,Auki,SB,2021-09-29 16:22:39,-8.7676,160.7034,76.98,89,97,4.41
419,Kyren,RU,2021-09-29 16:22:39,51.6828,102.1408,29.66,92,44,1.7
420,Waingapu,ID,2021-09-29 16:22:40,-9.6567,120.2641,77.09,80,11,4.88
421,Saint-Pierre,RE,2021-09-29 16:22:41,-21.3393,55.4781,71.28,74,0,12.66
422,Huilong,CN,2021-09-29 16:22:41,31.8111,121.655,75.92,83,68,9.71
423,Sydney,AU,2021-09-29 16:20:00,-33.8679,151.2073,60.64,93,75,1.01
424,Kholmogory,RU,2021-09-29 16:22:41,64.2229,41.656,41.11,94,77,4.94
425,Pokhara,NP,2021-09-29 16:22:43,28.2333,83.9833,71.31,92,97,1.61
426,Luancheng,CN,2021-09-29 16:22:43,37.8792,114.6517,64.56,84,0,1.57
427,Baculin,PH,2021-09-29 16:22:44,7.4525,126.5842,79.36,87,100,6.87
428,Avera,US,2021-09-29 16:22:44,33.194,-82.5271,83.44,48,0,3.06
429,Marienburg,PL,2021-09-29 16:22:44,54.0359,19.0266,59.95,55,100,14.43
430,Khilok,RU,2021-09-29 16:22:45,51.3674,110.4676,26.06,95,51,5.01
431,Asfi,MA,2021-09-29 16:22:45,32.2994,-9.2372,75.96,63,10,27.89
432,Samarai,PG,2021-09-29 16:22:45,-10.6167,150.6667,78.35,89,100,12.91
433,Pasighat,IN,2021-09-29 16:22:46,28.0667,95.3333,76.42,94,43,2.73
434,Kaeo,NZ,2021-09-29 16:22:46,-35.1,173.7833,45.32,93,37,4.99
435,Sumbawanga,TZ,2021-09-29 16:22:46,-7.9667,31.6167,70.11,48,65,0.98
436,Jabinyanah,TN,2021-09-29 16:22:47,35.035,10.9081,82.2,43,0,9.95
437,Boende,CD,2021-09-29 16:22:47,-0.2167,20.8667,84.69,56,78,1.9
438,Wanaka,NZ,2021-09-29 16:21:06,-44.7,169.15,38.1,79,79,1.99
439,Lamar,US,2021-09-29 16:22:47,33.6668,-95.5836,80.98,75,75,9.22
440,Preobrazheniye,RU,2021-09-29 16:22:48,42.9019,133.9064,60.55,93,89,5.73
441,Bahia Blanca,AR,2021-09-29 16:22:48,-38.7196,-62.2724,70.48,36,1,15.93
442,Itoman,JP,2021-09-29 16:22:48,26.1247,127.6694,82.42,83,40,12.66
443,Los Llanos De Aridane,ES,2021-09-29 16:22:49,28.6585,-17.9182,73.15,69,75,20.71
444,Pavilosta,LV,2021-09-29 16:22:49,56.8879,21.1859,53.55,61,98,14.45
445,Paamiut,GL,2021-09-29 16:22:49,61.994,-49.6678,33.28,36,2,5.32
446,Gornopravdinsk,RU,2021-09-29 16:22:50,60.05,69.9,34.92,84,93,5.59
447,Beyneu,KZ,2021-09-29 16:22:50,45.3167,55.2,49.35,46,55,7.85
448,Pecos,US,2021-09-29 16:22:50,31.4229,-103.4932,82.49,34,1,17.27
449,Chifeng,CN,2021-09-29 16:22:51,42.2683,118.9636,51.71,65,6,5.14
450,Antigonish,CA,2021-09-29 16:22:51,45.6169,-61.9986,59.02,91,100,1.99
451,Tortoli,IT,2021-09-29 16:22:51,39.9256,9.6572,80.98,65,0,14.97
452,Hongjiang,CN,2021-09-29 16:22:52,27.11,109.9956,73.22,93,3,2.15
453,Ca Mau,VN,2021-09-29 16:22:52,9.1769,105.15,78.4,90,62,3.22
454,Amsterdam,NL,2021-09-29 16:19:50,52.374,4.8897,56.91,79,40,8.01
455,Vila Franca Do Campo,PT,2021-09-29 16:22:52,37.7167,-25.4333,75.61,70,35,5.01
456,Gimli,CA,2021-09-29 16:22:53,50.6336,-96.9907,76.42,82,97,12.66
457,Quelimane,MZ,2021-09-29 16:22:53,-17.8786,36.8883,78.75,78,0,17.27
458,Nantucket,US,2021-09-29 16:22:53,41.2835,-70.0995,65.61,73,75,16.11
459,Kismayo,SO,2021-09-29 16:22:54,-0.3582,42.5454,78.12,85,98,12.82
460,Inyonga,TZ,2021-09-29 16:22:54,-6.7167,32.0667,83.7,31,89,3.85
461,Kouango,CF,2021-09-29 16:22:54,4.9934,19.9619,81.12,79,64,1.92
462,Egvekinot,RU,2021-09-29 16:22:55,66.3167,-179.1667,12.07,91,94,5.35
463,Grindavik,IS,2021-09-29 16:22:55,63.8424,-22.4338,43.27,81,75,28.77
464,Anloga,GH,2021-09-29 16:22:55,5.7947,0.8973,84.42,76,45,12.95
465,Adrar,MR,2021-09-29 16:22:56,20.5022,-10.0711,104.76,6,0,12.48
466,Agutaya,PH,2021-09-29 16:22:56,11.148,120.9417,83.75,76,93,7.02
467,Huangchuan,CN,2021-09-29 16:22:56,32.1272,115.0394,68.32,86,0,5.3
468,Le Vauclin,MQ,2021-09-29 16:22:57,14.5452,-60.8388,89.73,62,40,9.22
469,Marawi,PH,2021-09-29 16:22:57,7.9986,124.2928,69.66,93,100,2.57
470,Pedro Juan Caballero,PY,2021-09-29 16:22:57,-22.5472,-55.7333,93.16,29,75,11.5
471,Chiang Rai,TH,2021-09-29 16:22:58,19.9167,99.9167,77.13,100,0,2.3
472,Birao,CF,2021-09-29 16:22:58,10.2849,22.7882,83.07,68,65,1.12
473,Iwaki,JP,2021-09-29 16:22:58,37.05,140.8833,69.24,95,6,5.19
474,Eureka,US,2021-09-29 16:22:21,40.8021,-124.1637,55.63,94,99,2.33
475,Nhulunbuy,AU,2021-09-29 16:22:59,-12.2333,136.7667,72.21,88,98,0.0
476,Tiznit,MA,2021-09-29 16:20:21,29.5833,-9.5,92.39,19,5,3.67
477,Broome,US,2021-09-29 16:22:59,42.2506,-75.833,63.63,61,40,3.0
478,Boundiali,CI,2021-09-29 16:23:00,9.5217,-6.4869,82.45,62,80,4.85
479,Litovko,RU,2021-09-29 16:23:00,49.2361,135.1742,56.1,97,100,5.73
480,Ust-Kuyga,RU,2021-09-29 16:23:00,70.0167,135.6,10.92,94,57,4.05
481,Ayr,GB,2021-09-29 16:20:05,55.4627,-4.6339,56.5,62,20,14.97
482,Coolum Beach,AU,2021-09-29 16:23:01,-26.5333,153.1,65.1,90,99,8.23
483,Bardiyah,LY,2021-09-29 16:23:01,31.7561,25.0865,77.56,71,0,13.22
484,Yishui,CN,2021-09-29 16:23:01,35.7847,118.6281,65.07,80,0,1.05
485,Biak,ID,2021-09-29 16:23:02,-0.9131,122.8766,76.53,84,98,5.23
486,Am Timan,TD,2021-09-29 16:23:02,11.0297,20.2827,84.7,67,16,1.57
487,Auxerre,FR,2021-09-29 16:23:02,47.8,3.5667,60.66,44,8,10.76
488,Constitucion,CL,2021-09-29 16:23:03,-35.3333,-72.4167,57.87,55,0,7.25
489,Matadi,CD,2021-09-29 16:23:03,-5.8167,13.45,92.28,40,73,7.67
490,Port Augusta,AU,2021-09-29 16:23:03,-32.5,137.7667,55.54,84,10,2.64
491,Hamada,JP,2021-09-29 16:23:04,34.8833,132.0833,73.0,86,5,6.08
492,Mont-De-Marsan,FR,2021-09-29 16:23:04,44.0,-0.6667,69.78,85,75,10.36
493,Lata,PT,2021-09-29 16:23:04,40.1629,-8.3327,79.36,47,2,7.05
494,Dancheng,CN,2021-09-29 16:23:05,33.6333,115.1833,67.08,80,0,5.53
495,San Vicente,AR,2021-09-29 16:23:05,-26.6167,-54.1333,85.12,41,14,4.12
496,Timbiqui,CO,2021-09-29 16:23:05,2.7717,-77.6654,83.71,69,54,5.32
497,Shache,CN,2021-09-29 16:23:05,38.4167,77.2406,72.54,14,0,2.55
498,Storforshei,NO,2021-09-29 16:23:06,66.4043,14.5233,55.18,62,40,12.66
499,Port Lincoln,AU,2021-09-29 16:23:06,-34.7333,135.8667,56.35,89,40,9.78
500,Oussouye,SN,2021-09-29 16:23:06,12.485,-16.5469,95.18,61,98,10.49
501,Hamilton,US,2021-09-29 16:19:02,39.1834,-84.5333,77.09,67,1,1.99
502,Dubbo,AU,2021-09-29 16:23:07,-32.25,148.6167,50.13,93,40,8.05
503,Jhabua,IN,2021-09-29 16:23:07,22.7667,74.6,75.34,91,90,6.96
504,Myaundzha,RU,2021-09-29 16:23:08,63.0494,147.1858,19.38,56,2,2.33
505,Alice Springs,AU,2021-09-29 16:22:37,-23.7,133.8833,58.55,33,0,4.61
506,Smithers,CA,2021-09-29 16:19:35,54.7804,-127.1743,41.32,93,75,9.22
507,Muriwai Beach,NZ,2021-09-29 16:23:08,-36.8167,174.45,54.86,89,34,14.9
508,Baykit,RU,2021-09-29 16:23:09,61.67,96.37,34.47,89,72,1.21
509,Chara,RU,2021-09-29 16:23:09,56.9064,118.2631,31.39,74,100,3.8
510,Porto Walter,BR,2021-09-29 16:23:09,-8.2686,-72.7439,98.6,35,61,2.55
511,Manicore,BR,2021-09-29 16:23:10,-5.8092,-61.3003,91.06,44,84,5.66
512,Novo Aripuana,BR,2021-09-29 16:23:10,-5.1206,-60.3797,82.71,78,85,3.09
513,Pacific Grove,US,2021-09-29 16:22:02,36.6177,-121.9166,63.25,86,40,4.0
514,Karabulak,RU,2021-09-29 16:23:10,43.3036,44.8964,52.0,78,100,5.95
515,Fallon,US,2021-09-29 16:23:11,39.4735,-118.7774,55.92,39,40,0.0
516,Buin,CL,2021-09-29 16:23:11,-33.7333,-70.75,75.52,26,92,6.76
517,College,US,2021-09-29 16:23:11,64.8569,-147.8028,21.79,89,75,3.44
518,Gandorhun,SL,2021-09-29 16:23:12,7.5,-11.8333,78.87,80,76,7.27
519,Krasnoarmeysk,RU,2021-09-29 16:21:39,51.0239,45.6969,45.28,53,45,6.71
520,Mtwara,TZ,2021-09-29 16:23:12,-10.2667,40.1833,77.27,80,44,10.18
521,Mountain Home,US,2021-09-29 16:20:29,43.133,-115.6912,48.11,100,1,0.0
522,Coahuayana,MX,2021-09-29 16:23:13,18.7333,-103.6833,85.06,66,86,1.23
523,Juba,SS,2021-09-29 16:23:13,4.8517,31.5825,80.17,65,99,4.23
524,Sabang,ID,2021-09-29 16:23:14,5.8933,95.3214,81.88,77,93,7.36
525,Sandnessjoen,NO,2021-09-29 16:23:14,66.0217,12.6316,55.92,73,90,19.57
526,Mayo,US,2021-09-29 16:23:14,38.8876,-76.5119,70.27,52,1,3.0
527,Nuwara Eliya,LK,2021-09-29 16:23:14,6.9708,80.7829,56.97,81,100,3.8
528,Parainen,FI,2021-09-29 16:23:15,60.3067,22.301,51.15,78,79,10.27
529,Skibbereen,IE,2021-09-29 16:23:15,51.55,-9.2667,55.2,62,80,14.65
530,Nizhniy Ingash,RU,2021-09-29 16:21:20,56.2,96.53,28.98,95,18,4.45
531,Kishtwar,IN,2021-09-29 16:23:15,33.3167,75.7667,64.27,91,3,1.39
532,Panaba,MX,2021-09-29 16:23:16,21.2833,-88.2667,88.38,52,12,7.58
533,Morwa,IN,2021-09-29 16:23:16,22.9,73.8333,76.68,88,100,9.91
534,Atambua,ID,2021-09-29 16:23:07,-9.1061,124.8925,72.93,84,16,4.43
535,Makhachkala,RU,2021-09-29 16:23:17,42.9764,47.5024,55.38,77,100,3.2
536,Surgut,RU,2021-09-29 16:22:14,61.25,73.4167,35.78,80,0,6.71
537,Saint Anthony,US,2021-09-29 16:23:17,45.0205,-93.218,76.3,63,1,1.99
538,Olga,RU,2021-09-29 16:23:17,43.7444,135.2892,60.24,97,100,5.23
539,Gulariya,NP,2021-09-29 16:23:18,28.2333,81.3333,84.18,80,12,5.32
540,Maniitsoq,GL,2021-09-29 16:23:18,65.4167,-52.9,34.61,54,7,0.2
541,Rio Verde De Mato Grosso,BR,2021-09-29 16:23:18,-18.9181,-54.8442,101.61,21,4,7.29
542,Pangnirtung,CA,2021-09-29 16:23:19,66.1451,-65.7125,32.0,86,75,0.0
543,Camana,PE,2021-09-29 16:23:19,-16.6228,-72.7111,66.83,66,14,7.11
544,Ust-Kan,RU,2021-09-29 16:23:19,50.9276,84.761,36.21,92,62,5.48
545,Kahului,US,2021-09-29 16:20:35,20.8947,-156.47,76.84,87,20,4.61
546,Montepuez,MZ,2021-09-29 16:23:20,-13.1256,38.9997,83.86,42,54,10.47
547,Sheridan,US,2021-09-29 16:23:20,44.8333,-106.9173,52.18,39,90,1.01
548,Gambela,ET,2021-09-29 16:23:21,8.25,34.5833,74.75,86,99,3.6
549,Ouadda,CF,2021-09-29 16:23:21,8.0777,22.4007,74.32,89,97,3.67
550,Visby,SE,2021-09-29 16:23:21,57.6409,18.296,55.94,71,20,13.8
551,Torrington,US,2021-09-29 16:19:43,41.8007,-73.1212,64.85,60,6,4.0
552,Kayerkan,RU,2021-09-29 16:23:22,69.3497,87.7602,32.43,80,100,15.48
553,Ubinskoye,RU,2021-09-29 16:23:22,55.3068,79.6802,39.02,97,100,11.23
554,Asekeyevo,RU,2021-09-29 16:23:22,53.5742,52.7972,40.78,51,71,7.49
555,Hadejia,NG,2021-09-29 16:23:23,12.4498,10.0444,91.54,42,92,8.3
556,Puerto Carreno,CO,2021-09-29 16:23:23,6.189,-67.4859,84.87,67,86,4.21
557,Entre Rios,BR,2021-09-29 16:23:23,-11.9419,-38.0844,88.52,35,36,9.55
558,Kulhudhuffushi,MV,2021-09-29 16:23:24,6.6221,73.07,82.6,76,4,12.01
559,Terrace Bay,CA,2021-09-29 16:23:24,48.7834,-87.1,62.22,59,0,8.3
560,Wonthaggi,AU,2021-09-29 16:23:25,-38.6044,145.5913,56.37,95,100,17.43
561,Umtata,ZA,2021-09-29 16:23:25,-31.5889,28.7844,52.36,100,90,1.14
562,Nha Trang,VN,2021-09-29 16:19:40,12.25,109.1833,82.4,90,18,3.98
563,Bahia De Caraquez,EC,2021-09-29 16:23:25,-0.6,-80.4167,80.78,73,100,6.02
564,Beibei,CN,2021-09-29 16:23:26,29.8256,106.4339,79.23,72,2,5.19
565,Kiunga,PG,2021-09-29 16:23:26,-6.1219,141.2906,74.39,99,100,1.21
566,Revelstoke,CA,2021-09-29 16:23:26,50.9832,-118.2023,50.02,87,90,2.3
567,Jiuquan,CN,2021-09-29 16:23:27,39.7432,98.5174,63.16,18,73,2.35
568,Tura,IN,2021-09-29 16:23:27,25.5198,90.2201,72.32,88,100,1.1
569,Qabaqcol,AZ,2021-09-29 16:23:27,41.72,46.2647,57.74,90,100,1.77
570,Livingstone,ZM,2021-09-29 16:23:27,-17.8419,25.8543,91.24,14,72,6.29
571,Nelson Bay,AU,2021-09-29 16:23:28,-32.7167,152.15,60.96,93,100,1.01
572,Souillac,MU,2021-09-29 16:23:28,-20.5167,57.5167,73.36,78,20,11.5
573,Alibag,IN,2021-09-29 16:23:28,18.6411,72.8792,80.67,87,100,10.8
574,Goure,NE,2021-09-29 16:23:29,13.9835,10.2704,76.01,56,94,19.1
575,Mantua,IT,2021-09-29 16:23:29,45.1667,10.7833,79.84,64,5,2.44
576,Nueva Concepcion,GT,2021-09-29 16:23:29,14.2,-91.3,92.17,66,100,3.31
577,Jardim,BR,2021-09-29 16:23:30,-21.4803,-56.1381,105.53,15,6,5.68
578,Weligama,LK,2021-09-29 16:23:30,5.9667,80.4167,79.3,85,59,9.55
579,Monze,ZM,2021-09-29 16:23:30,-16.2833,27.4833,87.37,14,95,8.79
580,Cessnock,AU,2021-09-29 16:23:31,-32.8333,151.35,62.47,97,100,1.54
